<?xml version="1.0" encoding="UTF-8"?>
<Window size="912,632" caption="0,0,0,920" roundcorner="4,4" >
	<Font name="微软雅黑" size="14" default="true" />
	<VerticalLayout width="912" height="632" inset="5,5,5,5" >
		<VerticalLayout>
			<HorizontalLayout >
				<Control name="control_0" bkimage="file='Big.jpg' source='0,0,284,602' dest='0,0,284,602'" width="284" height="622" />
				<VerticalLayout width="618" height="622">
					<Control name="control_1" width="618" height="40" bkimage="file='Big.jpg' source='284,0,902,40'"  />
					<HorizontalLayout width="618" height="582" >
						<VerticalLayout width="348" height="582" >
							<VerticalLayout width="348" height="532" bkimage="file='Big.jpg' source='284,40,632,572' dest='0,0,348,532'" >
							</VerticalLayout>
							<Control name="control_3" width="348" height="50" bkimage="file='Big.jpg' source='284,572,632,602' dest='0,0,348,30'"/>
						</VerticalLayout>
						<Control name="control_2" width="270" height="582" bkimage="file='Big.jpg' source='632,40,902,602' dest='0,0,270,562'" />
					</HorizontalLayout>
				</VerticalLayout>
			</HorizontalLayout>
		</VerticalLayout>
		<Control name="center_img" bkimage="wording1.png" float="true" pos="289,70,623,434" />
		<Text name="progress_text" textcolor="0xffffffff" float="true" pos="434,334,488,364" />
	</VerticalLayout>
</Window>