﻿<?xml version="1.0" encoding="utf-8"?>
<Window size="167,200" roundcorner="4,4">
  <Include source="font.xml" />
  <Include source="default.xml" />
  <Include source="scrollbar.xml" />
 <HorizontalLayout bkimage="" bkcolor="#FFFFFFFF">
    <VerticalLayout bkimage="file='mainwindow/border.png' corner='5,5,5,5'" inset="1,1,1,1" hole="true">
      <LoginList name="login_list" header="hidden" itemshowhtml="true" 
                 vscrollbar="true" childpadding="1" itemaltbk="true"
                 itemhotimage="file='login/list_item_bk.png'"
                 itemselectedimage="file='login/list_item_bk.png'"
                 itemtextcolor="#FF000000"  itemselectedtextcolor="#FF000000" 
            itemselectedbkcolor="#FFC1E3FF" itemhottextcolor="#FF000000" 
            itemhotbkcolor="#FFE9F5FF" itemdisabledtextcolor="#FFCCCCCC" 
            itemdisabledbkcolor="#FFFFFFFF" >
        
      </LoginList>
    </VerticalLayout>
  </HorizontalLayout>
</Window>