﻿<?xml version="1.0" encoding="utf-8"?>
<Window size="165,50">
  <ListContainerElement>
    <VerticalLayout >
      <HorizontalLayout>
      <TabLayout name="switch" selectedid="0" >
        <HorizontalLayout name="small_info" height="30" mouse="true">
          <Control name="logo_small" padding="1,1,1,1" width="30" bkimage="file='login/logo_5.png'" />
          <Control name="small_0" width="5"/>
          <Label name="account_small" text="389465209" font="1"/> 
        </HorizontalLayout>
        <HorizontalLayout name="big_info" mouse="true">
          <Control name="logo_big" padding="1,1,0,1" width="48" bkimage="file='login/logo_5.png'"/>
          <Control name="big_0" width="2"/>
          <VerticalLayout name="info_2">
            <Control name="big_1"/>
            <Label name="account_big" text="389465209" font="1"/>
            <Control name="big_2"/>
            <Label name="nickname" text="蓝逸轩" font="1"/>
            <Control name="big_3"/>
          </VerticalLayout>
          <VerticalLayout name="info_3" width="16">
            <Control name="big_4"/>
            <Button name="remove" height="16" width="16" tooltip="移除"
                    bkimage="file='login/AccountDel.gft.png'"
                    normalimage="file='login/AccountDel.gft.png'"
                    hotimage="file='login/AccountDel_mouseover.gft.png'"
                    pushedimage="file='login/AccountDel_down.gft.png'"/>
            <Control name="big_5"/>
          </VerticalLayout>
        </HorizontalLayout>
      </TabLayout>
      </HorizontalLayout>
    </VerticalLayout>
  </ListContainerElement>
</Window>