﻿<?xml version="1.0" encoding="utf-8"?>
<Window size="380,280" caption="0,0,0,280" roundcorner="4,4">
  <Default name="CheckBox" value="height=&quot;16&quot; align=&quot;left&quot; textpadding=&quot;16,0,0,0&quot; padding=&quot;0,5,0,0&quot; normalimage=&quot;file='checkbox/checkbox.png' source='0,0,13,13' dest='0,2,13,15'&quot; hotimage=&quot;file='checkbox/checkbox.png' source='23,0,36,13' dest='0,2,13,15'&quot; selectedimage=&quot;file='checkbox/checkbox.png' source='23,0,36,13' dest='0,2,13,15'&quot; selectedhotimage=&quot;file='checkbox/checkbox.png' source='23,0,36,13' dest='0,2,13,15'&quot;"/>
  <Style name="ffff" text="登录" />
  
  <HorizontalLayout bkimage="file='login/bk.bmp'" hole="true">
    <VerticalLayout bkimage="file='mainwindow/border.png' corner='5,5,5,5'" inset="1,0,1,1" hole="true">
      <HorizontalLayout height="22">
        <HorizontalLayout />
        <HorizontalLayout width="104">
          <FadeButton name="setbtn" float="true" pos="0,0,28,19" width="28" height="19"
                  maxheight="19" maxwidth="28" tooltip="设置"
                  normalimage="file='sysbtn/btn_mini_normal.png'"
                  hotimage="sysbtn/btn_mini_highlight.png"
                  pushedimage="sysbtn/btn_mini_down.png"  />
          <FadeButton name="minbtn" float="true" pos="28,0,56,19" width="28" height="19"
                  maxheight="19" maxwidth="28" tooltip="最小化"
                  normalimage="file='sysbtn/btn_mini_normal.png'"
                  hotimage="sysbtn/btn_mini_highlight.png"
                  pushedimage="sysbtn/btn_mini_down.png"  />
          <FadeButton name="closebtn" float="true" pos="56,0,95,19" width="39" height="19"
                  maxheight="19" maxwidth="39" tooltip="关闭"
                  normalimage="file='sysbtn/btn_close_normal.png'"
                  hotimage="sysbtn/btn_close_highlight.png"
                  pushedimage="sysbtn/btn_close_down.png"  />
        </HorizontalLayout>
      </HorizontalLayout>
      <HorizontalLayout height="10" />
      <HorizontalLayout height="100">
      
      </HorizontalLayout>
      <HorizontalLayout height="100">
        <HorizontalLayout width="130">
          <Control width="20" />
          <HorizontalLayout>
            <Control name="logo" width="100" height="100"  bkimage="login/logo_5.png"/>
            <Button name="login_state" float="true" pos="87,87,0,0" width="12" height="12" 
                    textcolor="#FF000000" disabledtextcolor="#FFA7A6AA" align="center" 
                    bkimage="file='state/imonline.png'" tooltip="选择登录状态"
                    hotimage="file='button/allbtn_over.png' corner='2,2,2,2' mask='0xffffffff'"
                    pushedimage="file='button/allbtn_down.png' corner='2,2,2,2'  mask='0xffffffff'"/>
          </HorizontalLayout>         
          <Control width="10" />
        </HorizontalLayout>        
        <VerticalLayout childpadding="5">
          <HorizontalLayout height="30">
            <Edit name="account" padding="0,2,0,2" textpadding="2,0,24,0"
                  bkimage="file=&apos;login/EDIT.png&apos; source=&apos;0,0,30,26&apos; corner=&apos;5,5,5,5&apos; mask=&apos;#FFFF00FF&apos;"
                  normalimage="file=&apos;login/EDIT.png&apos; source=&apos;0,0,30,26&apos; corner=&apos;5,5,5,5&apos; mask=&apos;#FFFF00FF&apos;"
                  hotimage="file=&apos;login/EDIT.png&apos; source=&apos;30,0,60,26&apos; corner=&apos;5,5,5,5&apos; mask=&apos;0FFFF00FF&apos;"
                  focusedimage="file=&apos;login/EDIT.png&apos; source=&apos;30,0,60,26&apos; corner=&apos;5,5,5,5&apos; mask=&apos;0FFFF00FF&apos;" />
            <Button name="account_drop" float="true" pos="142,4,0,0" 
                    width="23" height="22" 
                    textcolor="#FF000000" disabledtextcolor="#FFA7A6AA" align="center" 
                    bkimage="file='login/BT_DROP_DOWN.png' source='0,0,23,24'"
                    normalimage="file='login/BT_DROP_DOWN.png' source='0,0,23,24'"
                    hotimage="file='login/BT_DROP_DOWN.png' source='24,0,46,24'"
                    pushedimage="file='login/BT_DROP_DOWN.png' source='47,0,70,24'"/>
            <HorizontalLayout width="80">
              <Button name="reg_account" text="{c #0000F0}注册账号{/c}" userdata="注册账号" showhtml="true" 
                      tooltip="注册新账号,立即体验最新QQ2013"/>
            </HorizontalLayout>
          </HorizontalLayout>
          <HorizontalLayout height="30">
            <Edit name="passwd" padding="0,2,0,2" password="true" textpadding="2,2,21,2" 
                  bkimage="file=&apos;login/EDIT.png&apos; source=&apos;0,0,30,26&apos; corner=&apos;5,5,5,5&apos; mask=&apos;#FFFF00FF&apos;"
                  normalimage="file=&apos;login/EDIT.png&apos; source=&apos;0,0,30,26&apos; corner=&apos;5,5,5,5&apos; mask=&apos;#FFFF00FF&apos;"
                  hotimage="file=&apos;login/EDIT.png&apos; source=&apos;30,0,60,26&apos; corner=&apos;5,5,5,5&apos; mask=&apos;0FFFF00FF&apos;"
                  focusedimage="file=&apos;login/EDIT.png&apos; source=&apos;30,0,60,26&apos; corner=&apos;5,5,5,5&apos; mask=&apos;0FFFF00FF&apos;"/>
            <Button name="key_board" float="true" pos="145,5,0,0"
                    width="20" height="20"
                    textcolor="#FF000000" disabledtextcolor="#FFA7A6AA" align="center"
                    bkimage="file='login/BT_KEY_BOARD.png' source='0,0,20,20'"
                    normalimage="file='login/BT_KEY_BOARD.png' source='0,0,20,20'"
                    hotimage="file='login/BT_KEY_BOARD.png' source='20,0,40,20'"
                    pushedimage="file='login/BT_KEY_BOARD.png' source='40,0,60,20'"/>
            <HorizontalLayout width="80">
              <Button name="forget_psd" text="{c #0000F0}忘记密码{/c}" userdata="忘记密码" showhtml="true" 
                      tooltip="忘记密码了？不用担心,我们可以帮助您找回密码"/>
            </HorizontalLayout>
          </HorizontalLayout>
          <HorizontalLayout height="30">
            <CheckBox name="remember_psd" text="记住密码" width="70" showhtml="true"/>
            <Control width="10" />
            <CheckBox name="auto_login" text="自动登录"  width="70" showhtml="true"/>
          </HorizontalLayout>
        </VerticalLayout>
        <Control width="1" />
      </HorizontalLayout>
      <HorizontalLayout>
        <Button name="login" float="true" pos="130,6,0,0" 
                width="130" height="35" textcolor="#FF000000" 
                disabledtextcolor="#FFA7A6AA" align="center" 
                text="登     录"
                soundpushed="sound/click.wav"
                soundnormal="sound/move.wav"
                bkimage="file='login/AccountBtn.png'"
                normalimage="file='login/AccountBtn.png'"
                hotimage="file='login/AccountBtn_mouseover.png'"
                pushedimage="file='login/AccountBtn_Down.png'"
                style="ffff" />
      </HorizontalLayout>
    </VerticalLayout>
  </HorizontalLayout>
</Window>