﻿<?xml version="1.0" encoding="utf-8"?>
<Window size="320,650" bktrans="true" mininfo="300,500" maxinfo="800,750" caption="0,0,0,120" sizebox="4,4,4,4" roundcorner="4,4">
  <Include source="default.xml" />
  <Include source="font.xml" />
  <Include source="scrollbar.xml" />
  <HorizontalLayout name="bg" bkimage="file='mainwindow/bg0.png' corner='600,200,1,1'" hole="true">
    <VerticalLayout bkimage="file='mainwindow/border.png' corner='5,5,5,5'" inset="1,0,1,1" hole="true">
      <HorizontalLayout height="22">
        <VerticalLayout width="60" inset="2,2,0,0">
          <Label text="QQ2013" textcolor="#FFFFFFFF" font="1"/>
        </VerticalLayout>
        <VerticalLayout />
        <VerticalLayout width="104">
          <Button name="minbtn" float="true" pos="0,0,28,19" width="28" height="19" 
                  maxheight="19" maxwidth="28" tooltip="最小化"
                  normalimage="file='sysbtn/btn_mini_normal.png'" 
                  hotimage="sysbtn/btn_mini_highlight.png" 
                  pushedimage="sysbtn/btn_mini_down.png"  />
          <Button name="maxbtn" float="true" pos="28,0,56,19" width="28" height="19" 
                  maxheight="19" maxwidth="28" tooltip="最大化"
                  normalimage="file='sysbtn/btn_max_normal.png'" 
                  hotimage="sysbtn/btn_max_highlight.png" 
                  pushedimage="sysbtn/btn_max_down.png"  />
          <Button name="restorebtn" visible="false" float="true" pos="28,0,56,19" width="28" height="19" 
                  maxheight="19" maxwidth="28" tooltip="还原" 
                  normalimage="file='sysbtn/btn_restore_normal.png'" 
                  hotimage="sysbtn/btn_restore_highlight.png" 
                  pushedimage="sysbtn/btn_restore_down.png"  />
          <Button name="closebtn" float="true" pos="56,0,95,19" width="39" height="19" 
                  maxheight="19" maxwidth="39" tooltip="关闭" 
                  normalimage="file='sysbtn/btn_close_normal.png'" 
                  hotimage="sysbtn/btn_close_highlight.png" 
                  pushedimage="sysbtn/btn_close_down.png"  />
        </VerticalLayout>
      </HorizontalLayout>
      <HorizontalLayout height="58">
        <VerticalLayout width="70" inset="5,0,0,0">
          <Button name="logo" width="58" height="58" 
                  bkimage="file='mainwindow/man_big.png' corner='2,2,2,2'"
                  hotimage="file=&apos;button/hotmask.png&apos; corner=&apos;10,10,10,10&apos; dest=&apos;4,4,54,54&apos;"
                  pushedimage="file=&apos;button/hotmask.png&apos; corner=&apos;10,10,10,10&apos; dest=&apos;4,4,54,54&apos;"/>
        </VerticalLayout>
        <VerticalLayout inset="0,6,0,4">
          <HorizontalLayout height="22">
            <Text name="nickname" text="蓝逸轩" textcolor="#FFFFFFFF" font="1" />
            <Control width="10" />
            <Button name="mystate" width="25" height="20" tooltip="更改我的状态"
                    bkimage="file='state/online.png' dest='3,3,17,17'" 
                    hotimage="file='button/btn_hot.png' corner='2,8,2,2'" />
          </HorizontalLayout>
          <HorizontalLayout>
            <Button name="signaturetip" height="23" textpadding="4,0,4,0" 
                    textcolor="#FFFFFFFF" text="编辑个性签名" align="left" 
                    hotimage="file='button/btn_hot.png' corner='2,8,2,2'" />
            <RichEdit name="signature" inset="4,2,2,2" bordercolor="#FFCCCCCC" bordersize="1" 
                      visible="false" bkcolor="#FFFFFFFF" height="22" 
                      text="编辑个性签名" multiline="false" rich="false"/>
          </HorizontalLayout>
        </VerticalLayout>
        <VerticalLayout width="60" inset="4,4,4,4">
          <Button name="weather" width="48" height="48" bkimage="file='mainwindow/s_a1.png'" />
        </VerticalLayout>
      </HorizontalLayout>
      <VerticalLayout height="22">
        <HorizontalLayout>
          <HorizontalLayout width="72" height="18" padding="5,0,0,0">
            <Button name="myZone" bkimage="file='icon/friend_circle.png' mask='0xffffffff'" tooltip="我的空间"
                    textcolor="#FF000000" disabledtextcolor="#FFA7A6AA" align="center" 
                    normalimage="file='icon/friend_circle.png' mask='0xffffffff'" 
                    hotimage="file='button/allbtn_over.png' corner='2,2,2,2' mask='0xffffffff'" 
                    pushedimage="file='button/allbtn_down.png' corner='2,2,2,2'  mask='0xffffffff'" />
            <Button name="myEmail" bkimage="file='icon/mail.png' mask='0xffffffff'" textcolor="#FF000000" 
                    disabledtextcolor="#FFA7A6AA" align="center" tooltip="邮件"
                    normalimage="file='icon/mail.png' mask='0xffffffff'" 
                    hotimage="file='button/allbtn_over.png' corner='2,2,2,2' mask='0xffffffff'" 
                    pushedimage="file='button/allbtn_down.png' corner='2,2,2,2'  mask='0xffffffff'" />
            <Button name="myXiaoYou" bkimage="file='icon/MainPanelServiceBarExt_XiaoYou.png' mask='0xffffffff'" 
                    textcolor="#FF000000" disabledtextcolor="#FFA7A6AA" align="center" tooltip="校友"
                    normalimage="file='icon/MainPanelServiceBarExt_XiaoYou.png' mask='0xffffffff'" 
                    hotimage="file='button/allbtn_over.png' mask='0xffffffff'" 
                    pushedimage="file='button/allbtn_down.png' mask='0xffffffff'" />
            <Button name="mySoSO" bkimage="file='icon/soso.png' mask='0xffffffff'" textcolor="#FF000000" 
                    disabledtextcolor="#FFA7A6AA" align="center" tooltip="腾讯搜搜"
                    normalimage="file='icon/soso.png' mask='0xffffffff'" 
                    hotimage="file='button/allbtn_over.png' corner='2,2,2,2' mask='0xffffffff'" 
                    pushedimage="file='button/allbtn_down.png' corner='2,2,2,2'  mask='0xffffffff'" />
          </HorizontalLayout>
          <HorizontalLayout />
          <HorizontalLayout height="22" width="72" inset="0,0,0,2">
            <Button name="msgbox" showhtml="true" height="20" width="24" 
                    text="{i icon/MsgBox.png}{/i}" tooltip="查看消息盒子"
                    hotimage="file='button/btn_hot.png' corner='2,8,2,2'" />
            <Button name="bkskinbtn" showhtml="true" height="20" width="24" 
                    text="{i icon/skin.png}{/i}" tooltip="更改皮肤"
                    hotimage="file='button/btn_hot.png' corner='2,8,2,2'" />
            <Button name="colorskinbtn" height="20" width="24" tooltip="调色"
                    bkimage="file='icon/colour.png' mask='0xffffffff'" 
                    textcolor="#FF000000" disabledtextcolor="#FFA7A6AA" align="center" 
                    normalimage="file='icon/colour.png' mask='0xffffffff'" 
                    hotimage="file='button/allbtn_over.png' mask='0xffffffff'" 
                    pushedimage="file='button/allbtn_down.png' mask='0xffffffff'" />
          </HorizontalLayout>
        </HorizontalLayout>
      </VerticalLayout>
      <HorizontalLayout height="27" bkimage="file='search/search_bk.png'">
        <!--Button name="search_tip" height="27" textpadding="4,2,4,3" text="搜索联系人，网页信息和问问答案" align="left" /-->
        <RichEdit visible="true" name="search_edit" inset="4,4,4,3" height="27" text="搜索联系人，网页信息和问问答案" multiline="false" rich="false" wantreturn="true" wantctrlreturn="false"/>
        <Button name="searchbtn" showhtml="true" height="27" width="24" text="{i search/search_btn.png}{/i}" tooltip="点击搜索"/>
      </HorizontalLayout>
      <VerticalLayout bkimage="file='mainwindow/glow.png' corner='2,2,2,2'" inset="0,4,0,0">
        <HorizontalLayout height="26" padding="10, 0, 0, 0" inset="4,0,4,0">
          <Option name="friendopt" selected="true" group="true" text="联系人" tooltip="联系人"
                  selectedimage="file='tab/tab_btn.png'" 
                  pushedimage="file='tab/tab_btn.png'"
                  hotimage="file='tab/tab_btn.png'"
                  width="70" height="26" />
          <Control />
          <Option name="groupopt" group="true" text="群/讨论组" tooltip="群/讨论组"
                  selectedimage="file='tab/tab_btn.png'"
                  pushedimage="file='tab/tab_btn.png'"
                  hotimage="file='tab/tab_btn.png'"
                  width="70" height="26" />
          <Control />
          <Option name="microblogopt" group="true" text="微博" tooltip="微博"
                  selectedimage="file='tab/tab_btn.png'" 
                  pushedimage="file='tab/tab_btn.png'"
                  hotimage="file='tab/tab_btn.png'"
                  width="70" height="26" />
          <Control />
          <Option name="recentfriendopt" group="true" text="最近联系人" tooltip="最近联系人"
                  selectedimage="file='tab/tab_btn.png'"
                  pushedimage="file='tab/tab_btn.png'"
                  hotimage="file='tab/tab_btn.png'"
                  width="70" height="26" />
          <Control />
        </HorizontalLayout>
        <HorizontalLayout inset="0,0,0,0">
          <HorizontalLayout pos="0,0,1,0" width="1" inset="0,0,0,0" />
          <!--VerticalLayout name="LeftMainPanel" width="35" inset="0,0,0,0">
            <VerticalLayout width="29" bkimage="file='bjLeftPanel.png' corner='2,100,2,2'" padding="5,0,0,0">
              <Label height="5" />
              <Button width="24" height="24" bkimage="file='mainleft_Qzonebtn24_qzonebtn1.png' mask='0xffffffff'" textcolor="#FF000000" disabledtextcolor="#FFA7A6AA" align="center" normalimage="file='mainleft_Qzonebtn24_qzonebtn1.png' mask='0xffffffff'" hotimage="file='allbtn_over.png' mask='0xffffffff'" pushedimage="file='allbtn_down.png' mask='0xffffffff'" />
              <Label height="5" />
              <Button width="24" height="24" bkimage="file='mainleft_QQTradeCenter1.png' mask='0xffffffff'" textcolor="#FF000000" disabledtextcolor="#FFA7A6AA" align="center" normalimage="file='mainleft_QQTradeCenter1.png' mask='0xffffffff'" hotimage="file='allbtn_over.png' mask='0xffffffff'" pushedimage="file='allbtn_down.png' mask='0xffffffff'" />
              <Label height="5" />
              <Button width="24" height="24" bkimage="file='paipai1.png' mask='0xffc0c0c0'" textcolor="#FF000000" disabledtextcolor="#FFA7A6AA" align="center" normalimage="file='paipai1.png' mask='0xffc0c0c0'" hotimage="file='allbtn_over.png' mask='0xffc0c0c0'" pushedimage="file='allbtn_down.png' mask='0xffc0c0c0'" />
              <Label height="5" />
              <Button width="24" height="24" bkimage="file='PaiPaiChongzhi1.png' mask='0xffffffff'" textcolor="#FF000000" disabledtextcolor="#FFA7A6AA" align="center" normalimage="file='PaiPaiChongzhi1.png' mask='0xffffffff'" hotimage="file='allbtn_over.png' mask='0xffffffff'" pushedimage="file='allbtn_down.png' mask='0xffffffff'" />
              <Label height="5" />
              <Button width="24" height="24" bkimage="file='add.png' mask='0xffffffff'" textcolor="#FF000000" disabledtextcolor="#FFA7A6AA" align="center" normalimage="file='add.png' mask='0xffffffff'" hotimage="file='allbtn_over.png' mask='0xffffffff'" pushedimage="file='allbtn_down.png' mask='0xffffffff'" />
              <Label height="5" />
            </VerticalLayout>
          </VerticalLayout-->
          <TabLayout name="tabs" bkimage="file='list/list_bk.png'">
            <HorizontalLayout>
              <FriendList name="friends"  header="hidden" itemshowhtml="true" vscrollbar="true"  childpadding="1" itemaltbk="true"   />
            </HorizontalLayout>
            <HorizontalLayout>
              <GroupList name="groups" header="hidden" itemshowhtml="true" vscrollbar="true"   childpadding="1" itemaltbk="true"  />
            </HorizontalLayout>
            <HorizontalLayout>
              <MicroBlog name="microblog" header="hidden" itemshowhtml="true" vscrollbar="true"  />
            </HorizontalLayout>
            <HorizontalLayout>
              <RecentFriend name="recentfriends" header="hidden" itemshowhtml="true" vscrollbar="true"  />
            </HorizontalLayout>
          </TabLayout>
          <HorizontalLayout width="1" inset="0,1,1,0">
          </HorizontalLayout>
        </HorizontalLayout>
      </VerticalLayout>
      <VerticalLayout height="90">
        <VerticalLayout height="20" padding="5,10,0,0">
          <HorizontalLayout>
            <!--Button padding="5,0,0,0" name="btnleft" width="18" height="18" 
                    textcolor="#FF000000" disabledtextcolor="#FFA7A6AA" align="center" 
                    normalimage="file='main_tabbtn_leftnormal.png' mask='0xffffffff'" 
                    hotimage="file='main_tabbtn_lefthighlight.png' mask='0xffffffff'" 
                    pushedimage="file='main_tabbtn_lefthighlight.png' mask='0xffffffff'" /-->
            <!--Button padding="5,0,0,0" name="btnright" visible="false" 
                    width="18" height="18" textcolor="#FF000000" 
                    disabledtextcolor="#FFA7A6AA" align="center" 
                    normalimage="file='main_tabbtn_rightnormal.png' mask='0xffffffff'" 
                    hotimage="file='main_tabbtn_righthighlight.png' mask='0xffffffff'" 
                    pushedimage="file='main_tabbtn_righthighlight.png' mask='0xffffffff'" /-->
            <Container width="20" />
            <Button name="cellphone" width="20" height="20" 
                    bkimage="file='icon/Wireless.png' mask='0xffffffff'" tooltip="手机生活"
                    textcolor="#FF000000" disabledtextcolor="#FFA7A6AA" align="center" 
                    normalimage="file='icon/Wireless.png' mask='0xffffffff'" 
                    hotimage="file='button/allbtn_over.png' corner='2,2,2,2' mask='0xffffffff'" 
                    pushedimage="file='button/allbtn_down.png' corner='2,2,2,2' mask='0xffffffff'" />
            <Button name="games" width="20" height="20" tooltip="游戏"
                    bkimage="file='icon/game.png' mask='0xffffffff'" 
                    textcolor="#FF000000" disabledtextcolor="#FFA7A6AA" align="center" 
                    normalimage="file='icon/game.png' mask='0xffffffff'" 
                    hotimage="file='button/allbtn_over.png' mask='0xffffffff'" 
                    pushedimage="file='button/allbtn_down.png' mask='0xffffffff'" />
            <Button name="pets" width="20" height="20" tooltip="QQ宠物"
                    bkimage="file='icon/pet.png' mask='0xffffffff'" 
                    textcolor="#FF000000" disabledtextcolor="#FFA7A6AA" align="center" 
                    normalimage="file='icon/pet.png' mask='0xffffffff'" 
                    hotimage="file='button/allbtn_over.png' mask='0xffffffff'" 
                    pushedimage="file='button/allbtn_down.png' mask='0xffffffff'" />
            <Button name="audio_live" width="20" height="20" tooltip="视频直播"
                    bkimage="file='icon/live.png' mask='0xffffffff'" 
                    textcolor="#FF000000" disabledtextcolor="#FFA7A6AA" align="center" 
                    normalimage="file='icon/live.png' mask='0xffc0c0c0'" 
                    hotimage="file='button/allbtn_over.png' mask='0xffc0c0c0'" 
                    pushedimage="file='button/allbtn_down.png' mask='0xffc0c0c0'" />
            <Button name="music" width="20" height="20" tooltip="倾听音乐"
                    bkimage="file='icon/music.png' mask='0xffffffff'" 
                    textcolor="#FF000000" disabledtextcolor="#FFA7A6AA" align="center" 
                    normalimage="file='icon/music.png' mask='0xffffffff'" 
                    hotimage="file='button/allbtn_over.png' mask='0xffffffff'" 
                    pushedimage="file='button/allbtn_down.png' mask='0xffffffff'" />
          </HorizontalLayout>
        </VerticalLayout>

        <VerticalLayout height="50" padding="5,10,0,0">
          <HorizontalLayout>
            <HorizontalLayout>
              <Button name="MainMenu" width="40" height="40" tooltip="主菜单"
                      textcolor="#FF000000" disabledtextcolor="#FFA7A6AA" align="center" 
                      normalimage="file='icon/menu_btn_normal.png' mask='0xffffffff'" 
                      hotimage="file='icon/menu_btn_highlight.png' mask='0x00000000'" 
                      pushedimage="file='icon/menu_btn_highlight.png' mask='0xffff00ff'" />
              <Button name="tools" width="20" padding="0, 10, 0, 0" height="20" tooltip="设置"
                      bkimage="file='icon/Tools.png' mask='0xffffffff'" 
                      textcolor="#FF000000" disabledtextcolor="#FFA7A6AA" align="center" 
                      normalimage="file='icon/Tools.png' mask='0xffffffff'" 
                      hotimage="file='button/allbtn_over.png' mask='0xffffffff'" 
                      pushedimage="file='button/allbtn_down.png' mask='0xffffffff'" />
              <Button name="safe" width="20" padding="0, 10, 0, 0" height="20" tooltip="安全"
                      bkimage="file='icon/QQSafe.png' mask='0xff000000'" 
                      textcolor="#FF000000" disabledtextcolor="#FFA7A6AA" align="center" 
                      normalimage="file='icon/QQSafe.png' mask='0xffffffff'" 
                      hotimage="file='button/allbtn_over.png' mask='0xffffffff'" 
                      pushedimage="file='button/allbtn_down.png' mask='0xffffffff'" />
              <Button name="message" width="20" padding="0, 10, 0, 0" height="20" tooltip="消息"
                      bkimage="file='icon/message.png' mask='0xffffffff'" 
                      textcolor="#FF000000" disabledtextcolor="#FFA7A6AA" align="center" 
                      normalimage="file='icon/message.png' mask='0xffffffff'" 
                      hotimage="file='button/allbtn_over.png' mask='0xffffffff'" 
                      pushedimage="file='button/allbtn_down.png' mask='0xffffffff'" />
            </HorizontalLayout>
            <HorizontalLayout />
            <HorizontalLayout width="22" padding="0, 9, 10, 0">
              <Option name="AppGrid" width="22" height="22" visible="false" bordersize="0" 
                      bkimage="file='icon/AppBox_grid.png' mask='0xffffffff'" 
                      bordercolor="#FF768D9B" textpadding="0,0,0,2" 
                      textcolor="#FFFF0000" disabledtextcolor="#FFA7A6AA" align="center" 
                      normalimage="file='button/allbtn_over.png' mask='0xffffffff'" 
                      hotimage="file='button/allbtn_over.png' mask='0xffffffff'" 
                      pushedimage="file='button/allbtn_down.png' mask='0xffffffff'" 
                      group="quickbar" selected="true" selectedtextcolor="#FFFF0000" 
                      selectedimage="file='button/allbtn_down.png' mask='0xffffffff'" />
              <Option name="AppHome" width="22" height="22" bordersize="0" 
                      bkimage="file='icon/AppBox_Home.png' mask='0xffffffff'" 
                      bordercolor="#FF768D9B" textpadding="0,0,0,2" 
                      textcolor="#FFFF0000" disabledtextcolor="#FFA7A6AA" align="center" 
                      normalimage="file='button/allbtn_nor.png' mask='0xffffffff'" 
                      hotimage="file='button/allbtn_over.png' mask='0xffffffff'" 
                      pushedimage="file='button/allbtn_down.png' mask='0xffffffff'" 
                      group="quickbar" selectedtextcolor="#FFFF0000" 
                      selectedimage="file='button/allbtn_down.png' mask='0xffffffff'" />
            </HorizontalLayout>
          </HorizontalLayout>
        </VerticalLayout>
      </VerticalLayout>
    </VerticalLayout>
  </HorizontalLayout>
</Window>