﻿<?xml version="1.0" encoding="UTF-8"?>
<Window  size="290,80">
  <ListContainerElement>
    <VerticalLayout >
      <HorizontalLayout>
        <VerticalLayout name="logo_container" width="50" padding="1,1,1,1">
          <!--hotimage="file=&apos;button/hotmask.png&apos; corner=&apos;8,8,8,8&apos; dest=&apos;4,4,46,46&apos;"-->
          <Button name="logo" width="50" height="50"              
                bkimage="file='userlogo/man_big.png' corner='5,5,5,5' dest='4,4,46,46'"
                normalimage=""
                pushedimage=""/>
        </VerticalLayout>
        <VerticalLayout>
          <HorizontalLayout height="32" padding="2, 0, 0, 0">
            <Label name="nickname" bordersize="0"  text="" textcolor="#FF000000" disabledtextcolor="#FF808080" align="left"/>
            <Label name="description" bordersize="0" text="[0/0]" textcolor="#FF000000" align="left"/>
            <Label name="reserved" bordersize="0" text="[后来-刘若英]" textcolor="#FF000000" align="left"/>
          </HorizontalLayout>
          <VerticalLayout name="operation" height="18" visible="true">
            <HorizontalLayout width="72" padding="2, 0, 0, 0">
              <Button name="friend" textcolor="#FF000000" disabledtextcolor="#FFA7A6AA" align="center"
                    bkimage="file='icon/friend_circle.png' mask='0xffffffff'" tooltip="查看空间"
                    normalimage="file='icon/friend_circle.png' mask='0xffffffff'"
                    hotimage="file='button/allbtn_over.png' corner='2,2,2,2' mask='0xffffffff'"
                    pushedimage="file='button/allbtn_down.png' corner='2,2,2,2'  mask='0xffffffff'" />
              <Button name="mail" textcolor="#FF000000" disabledtextcolor="#FFA7A6AA" align="center"
                     bkimage="file='icon/mail.png' mask='0xffffffff'" tooltip="发送邮件"
                     normalimage="file='icon/mail.png' mask='0xffffffff'"
                     hotimage="file='button/allbtn_over.png' corner='2,2,2,2' mask='0xffffffff'"
                     pushedimage="file='button/allbtn_down.png' corner='2,2,2,2'  mask='0xffffffff'" />
              <Button name="xiaoyou" textcolor="#FF000000" disabledtextcolor="#FFA7A6AA" align="center"
                     bkimage="file='icon/MainPanelServiceBarExt_XiaoYou.png' mask='0xffffffff'" tooltip="校友"
                     normalimage="file='icon/MainPanelServiceBarExt_XiaoYou.png' mask='0xffffffff'"
                     hotimage="file='button/allbtn_over.png' mask='0xffffffff'"
                     pushedimage="file='button/allbtn_down.png' mask='0xffffffff'" />
              <Button name="soso" textcolor="#FF000000" disabledtextcolor="#FFA7A6AA" align="center"
                     bkimage="file='icon/soso.png' mask='0xffffffff'" tooltip="搜搜"
                     normalimage="file='icon/soso.png' mask='0xffffffff'"
                     hotimage="file='button/allbtn_over.png' corner='2,2,2,2' mask='0xffffffff'"
                     pushedimage="file='button/allbtn_down.png' corner='2,2,2,2'  mask='0xffffffff'" />
            </HorizontalLayout>
          </VerticalLayout >
        </VerticalLayout>
      </HorizontalLayout>
    </VerticalLayout>
  </ListContainerElement>
</Window>


